gtin,descp,ncm,preco
7898949135180,RACAO CONFIANCA CAES ADULTO 10 1KG,23091000,38.50237804878049
7898949135418,RACAO CONFIANCA CAES ADULTO 6KG,23091000,27.923779527559056
7898949135418,RACAO CONFIANCA CAES ADULTO 6KG,23091000,27.519761904761907
