gtin,descp,ncm,preco
7898055452119,SORVETE TOYA 2L SONH,21050010,14.938571428571427
7898055451761,SORVETE TOYA 2L TAPI,21050010,13.496521739130435
7898055450085,SORVETE TOYA 2L BRIG,21050010,14.030645161290321
