gtin,descp,ncm,preco
7896049508743,DA TABU 150ML DELICA,33072010,6.762222222222222
7896049508743,DA TABU 150ML DELICA,33072010,6.3500000000000005
