gtin,descp,ncm,preco
7896902208384,REPARADOR DE PONTAS MAX SUAVE 30ML,33059000,3.189166666666667
7897161351033,REPARADOR DE PONTAS ALYNE QUERATINA 30ML,33059000,3.857727272727273
