gtin,descp,ncm,preco
7894904985500,FRANGO A PASSARINHO SEARA STEMP 1K,2071400,8.199692307692308
7894904197699,FRANGO A PASSARINHO SEARA STEMP 1K,2071400,8.39
7894904985500,FRANGO A PASSARINHO SEARA STEMP 1K,2071400,8.119928571428572
