gtin,descp,ncm,preco
7898949135449,RACAO WOLF CAES ADULTO 15KG,23091000,45.863888888888894
7898949135449,RACAO WOLF ADULTO CONFIANCA 15KG,23091000,43.99
7898949135432,RACAO WOLF CAES ADULTO 8KG,23091000,24.659707602339182
