gtin,descp,ncm,preco
7891089100346,AZEITONA LA VIOLETER,20057000,1.8297777777777782
7891089100346,AZEITONA LA VIOLETER,20057000,2.2052272727272726
