gtin,descp,ncm,preco
7896001048430,ESPONJA BETTANIN ESFREBOM PRATEADA,63079090,7.510000000000002
7896001048430,ESPONJA BETTANIN ESFREBOM PRATEADA,63079090,7.510000000000002
