gtin,descp,ncm,preco
7622300999131,REF FRESH 10G ABACAX,21069010,0.8036170212765958
7622300999308,REF FRESH 10G LAR,21069010,1.5455555555555556
