gtin,descp,ncm,preco
7891079011829,MAC NOSSO SABOR 74G,19023000,1.6012526997840173
7891079011829,MAC NOSSO SABOR 74G,19023000,1.5
7891079011805,MAC NOSSO SABOR 74G,19023000,2.1577233840304184
7891079011812,MAC NOSSO SABOR 74G,19023000,2.254939236111112
