gtin,descp,ncm,preco
7894904015108,FILE PEITO FGO SEARA 1KG BAND,2071400,10.720225080385852
7893000482401,FILE PEITO FGO SAD 1KG,2071400,9.470519480519481
