gtin,descp,ncm,preco
7891024182475,SH DARLING 2X1 350ML,33051000,4.920291777188329
7891024182475,SH DARLING 2EM1 350ML,33051000,4.277051724137931
