gtin,descp,ncm,preco
7896042040752,POTE PLASUTIL TRIO MIX PALETES 4075,39233000,3.1582375979112274
7896042080499,POTE PLASUTIL TRIO MIX PALETES 4075,39233000,3.277368421052632
7896042080499,POTE PLASUTIL TRIO MIX PALETES 4075,39233000,3.465
