gtin,descp,ncm,preco
7891150042285,SH SUAVE LAVANDA BAMBU 325ML,33051000,4.550625
7891150042230,COND SUAVE LAVANDA BAMBU 325ML,33059000,6.6885714285714295
