gtin,descp,ncm,preco
7622300990701,BISC CLUB SOC ORIG 144G,19059020,2.9946470588235288
7622300990701,BISC CLUB SOC ORIG 144G,19059020,3.2897814685314684
