gtin,descp,ncm,preco
7891000241295,BISC RECH PASSATEMPO MOR 130GR,19053100,2.1238922155688624
7891000241356,BISC RECH PASSATEMPO CHOC 130GR,19053100,1.5861384083044983
