gtin,descp,ncm,preco
7894900701609,REFRIG COCA COLA ZERO 600ML PET,22021000,3.712270742358079
78909045,REFRIG COCA COLA ZERO 250ML PET,22021000,3.0736046511627904
78909045,REFRIG COCA COLA ZERO 250ML PET,22021000,2.126666666666667
7894900701517,REFRIG COCA COLA ZERO 2L PET,22021000,7.278737864077669
7894900701609,REFRIG COCA COLA ZERO 600ML PET,22021000,2.49
