gtin,descp,ncm,preco
7896013104070,DETERG LIQ BRILUX CRISTAL 500ML,34022000,1.7204651162790698
7896013104070,DETERG LIQ BRILUX CRISTAL 500ML,34022000,1.8168181818181817
