gtin,descp,ncm,preco
7898332870049,IOG FRUT GURT MORANGO 540G,4031000,2.8935106382978724
7898332870049,IOG FRUT GURT MORANGO 540G,4031000,2.6952127659574465
