gtin,descp,ncm,preco
7898927947217,FILME PVC WYDA 0 28X30M,39204900,6.3900000000000015
7898927947217,FILME PVC WYDA 0 28X30M,39204900,6.2130769230769225
