gtin,descp,ncm,preco
7891000078518,FAR LAC NEST TR 600G,19011020,15.459767441860466
7891000078518,FAR LAC NEST TR 600G,19011020,15.609512195121953
