gtin,descp,ncm,preco
7891360564041,CANETA FABER TRILUX AZUL 3UN,96081000,2.9042857142857144
7891360564041,CANETA FABER TRILUX AZUL 3UN,96081000,2.9141379310344826
