gtin,descp,ncm,preco
7896579350010,REFRIG GURY LAR 2L PET,22021000,3.57
7896579350218,REFRIG GURY LAR 1 5L PET,22021000,2.3806779661016946
7896579350010,REFRIG GURY LAR 2L PET,22021000,3.5700000000000003
