gtin,descp,ncm,preco
7622300861186,REFRESCO TANG LARANJA 25G,21069010,1.0199879227053141
7622300391706,REFRESCO MARACUJA TANG 25G,21069010,11.85
7622300820770,REFRESCO TANG GUARANA 25G,21069010,1.0053571428571428
7622300861957,REFRESCO TANG MANGA 25G,21069010,1.0303030303030305
7622300861346,REFRESCO CAJU TANG 25G,21069010,1.0533333333333337
