gtin,descp,ncm,preco
7896007548408,FR HUGGIES SUPR CARE,96190000,26.26938053097345
7896007548422,FR HUGGIES SUPR CARE,96190000,27.715128205128213
7896007548439,FR HUGGIES SUPR CARE,96190000,41.59
