gtin,descp,ncm,preco
7896005217771,BISC SOL SALT 150G O,19059020,2.2184337349397594
7896005217764,BISC SOL SALT 300G O,19059020,6.439111111111112
