gtin,descp,ncm,preco
7891024026113,SHAMP.PALMOLIVE,33051000,8.326842105263161
7891024029787,SHAMP.PALMOLIVE,33051000,9.044814814814817
