gtin,descp,ncm,preco
7891022854244,DESINF.PINHO BRIL,38089419,4.0128260869565215
7891024194607,DESINF.PINHO SOL,38089419,9.011111111111113
