gtin,descp,ncm,preco
7891010047184,COND J J BABY CAB CACH 200ML,33059000,9.547142857142855
7891010047184,COND J J BABY CAB CACH 200ML,33059000,10.23090909090909
