gtin,descp,ncm,preco
7891999941879,SUCO PTO VIG MISTA FRUT LARANJA 200,22021000,1.5797872340425532
7891999941879,SUCO PTO VIG MISTA FRUT LARANJA 200,22021000,1.7357142857142858
