gtin,descp,ncm,preco
7896264601182,BISC C CRACKER 400G,19053100,5.276776315789474
7897272900298,BISC C CRACKER  RAINHA  400G,19059020,6.380000000000001
