gtin,descp,ncm,preco
7897080600045,FARINHA MAND UARINI OVA COLIBRI 1KG,11062000,5.381379310344828
7896547902234,FARINHA MAND CAMPIL 1KG,11062000,6.62
7898939159394,FARINHA MAND OVINHA JUTICA 1KG,11062000,7.449939024390242
7898939159400,FARINHA MAND UARINI JUTICA 1KG,11062000,4.427434210526316
