gtin,descp,ncm,preco
7891167021020,SARDINHA G COSTA MOL TOMATE 125G,16041310,4.09
7891167021013,SARDINHA G COSTA OLEO 125G,16041310,3.7634177215189872
7891167021013,SARDINHA G COSTA OLEO 125G,16041310,5.0948979591836725
