gtin,descp,ncm,preco
7891022851762,AMAC ROUPA M BIJOU BABY 2L,38099190,8.120253164556964
7891022100617,AMAC ROUPA M BIJOU PUREZA  2L,38099190,7.703924050632912
7891022851762,AMAC ROUPA M BIJOU BABY 2L,38099190,7.91
