gtin,descp,ncm,preco
7896013105862,LAVA ROUPA DILUIDO BRILUX 1L,34022000,8.882307692307693
7896013105862,LAVA ROUPA DILUIDO BRILUX 1L,34022000,8.949615384615385
