gtin,descp,ncm,preco
7896579330074,AGUA MIN YARA 350ML,22011000,7.092857142857143
7896579330012,AGUA MIN YARA 600ML,22011000,2.103529411764706
7896579330074,AGUA MIN YARA 350ML,22011000,2.911117647058824
