gtin,descp,ncm,preco
9556023096588,BATATA JACKER POTATO BARBECUE 75G,20052000,4.209805825242719
9556023107697,BATATA JACKER POTATO CREAM ONION 75G,20052000,4.375874125874127
