gtin,descp,ncm,preco
78907850,LTE HID PAIXAO INSPIRADORA 200M 138,33049910,5.721707317073171
78907850,LTE HID PAIXAO INSPIRADORA 200M 138,33049910,5.644285714285715
