gtin,descp,ncm,preco
7898919635078,REFRIG GUAR REAL CLASSICO 350ML PET,22021000,2.3135909090909093
7896579320075,REFRIG GUAR REGENTE 350ML PET,22021000,2.5069135802469136
7896579320136,REFRIG GUAR REGENTE 1 5L PET,22021000,2.778905472636816
