gtin,descp,ncm,preco
7898959504266,MANTEIGA DULEIT C/ SAL PT 500GR,4051000,15.5950233281493
7896260700063,MANTEIGA ITACOLOMY C/ SAL LT 200GR,4051000,11.043181818181818
