gtin,descp,ncm,preco
78924345,DESOD ROLLON REX BAMBOO 50ML,33072010,6.209090909090909
78924345,DESOD ROLLON REX BAMBOO 50ML,33072010,6.637591240875912
