gtin,descp,ncm,preco
7894321722016,BEB.LACTEA TODDYNHO,22029900,7.832455315145813
7894321722016,BEB.LACTEA TODDYNHO,22029900,7.836874451273048
