gtin,descp,ncm,preco
7893000005969,COXA FGO SADIA,2013000,11.766869565217393
7893000005969,COXA FGO SADIA,2013000,11.393029045643154
