gtin,descp,ncm,preco
7891024028988,REF SAB LIQ PALM NAT ARGAN 200ML(CLG),34013000,21.615526315789474
7891024028988,SAB LIQ PALM NAT ARGAN OIL 200ML,34013000,5.413564356435644
