gtin,descp,ncm,preco
7891515485535,CHICKEN PERD QJO 275G,16023220,5.905555555555557
7891515485535,CHICKEN PERD QJO 275G,16023220,5.745918367346939
7891515485535,CHICKEN PERD QJO 275G,16023220,5.032921348314607
