gtin,descp,ncm,preco
7622210596413,BOMBOM LACTA VARIEDADE 250 6G,18069000,9.502297297297297
7622210596413,BOMBOM LACTA VARIEDADE 250 6G,18069000,9.72939393939394
7622210596413,BOMBOM LACTA VARIEDADE 250 6G,18069000,9.986052631578948
