gtin,descp,ncm,preco
7898914101547,FEIJAO LONDRINA BRANCO PRAIA TP1 1KG,7133329,5.333707571801567
7898324020148,FEIJAO PRAIA MARAVILHA TP2 1KG,7133329,4.2571830985915495
