gtin,descp,ncm,preco
7896547908700,MOLHO INGLES CAMPIL 150ML,21039091,1.8260784313725489
7896547908717,MOLHO SHOYU CAMPIL 150ML,21031010,1.88890243902439
7896547908717,MOLHO SHOYU CAMPIL 150ML,21031010,1.8253846153846156
7896547908717,MOLHO SHOYU CAMPIL 150ML,21031010,1.88995145631068
