gtin,descp,ncm,preco
7898910758035,AMACIANTE TOQUE SUAVE BRINORT 2LT,34022000,4.37873786407767
7898910758035,AMACIANTE TOQUE SUAVE BRINORT 2LT,34022000,52.768571428571434
