gtin,descp,ncm,preco
7897553100164,POLPA DOCE MEL UVA 100G,20089900,2.5500000000000003
7897553100010,POLPA DOCE MEL CACAU 100G,20089900,2.2913043478260877
