gtin,descp,ncm,preco
7898141930309,OVOS TP GRANDE VERM C20UN,4072900,12.283975903614456
7898141930309,OVOS TP GRANDE VERM C20UN,4072900,12.547555555555556
