gtin,descp,ncm,preco
5601252231287,AZEITE GALLO LT 500M,15099010,25.06142857142857
5601252100972,AZEITE GALLO LT 200M,15091000,16.490000000000002
