gtin,descp,ncm,preco
7896005218129,BISC SOL HIT 40G PRE,19059020,1.0063829787234042
7896005217504,BISC SOL HIT 80G CEB,19059020,1.5987179487179488
