gtin,descp,ncm,preco
7896024725264,BISC WAF PIRAQUE CHOC 160G,19053200,5.267692307692308
7891152300369,BISC RICHESTER WAFER ESCURETO 120G,19053200,1.9877586206896556
7891152300314,BISC WAF RICHESTER CHOC 120G,19053200,1.7153438113948918
7891152300314,BISC WAF RICHESTER CHOC 120G,19053200,1.6275590551181103
