gtin,descp,ncm,preco
7896579330104,AGUA MIN SG YARA 5L,22011000,8.564705882352941
7896579330098,AGUA MIN SG YARA 20L,22011000,7.484817518248175
