gtin,descp,ncm,preco
7892840800000,REFRIG PEPSI COLA 2L PET,22021000,5.20508620689655
7898919635047,REFRIG PLANET COLA 2L PET,22021000,3.1993798449612405
7892840812973,REFRIG PEPSI COLA 237ML PET,22021000,3.485508474576272
