gtin,descp,ncm,preco
7896902210608,AGUA OXIG FARM 90ML,33059000,0.937361963190184
7896902210646,AGUA OXIG FARM 90ML,33059000,0.9596700507614212
7896902210646,AGUA OXIG FARM 90ML,33059000,0.8538888888888888
