gtin,descp,ncm,preco
7891000140307,LEITE PO INTEG NINHO LT 400G,4022110,137.56
7891000140307,LEITE PO NINHO INT 400G LT,4022110,12.311075647668394
7891000140307,LEITE PO NINHO INT 400G LT,4022110,13.279252631578947
