gtin,descp,ncm,preco
7891024035313,SAB PROTEX MEN SPORT 85G,34011190,2.4712727272727273
7891024035313,SAB PROTEX MEN SPORT 85G,34011190,2.46425
