gtin,descp,ncm,preco
7897389100031,POLPA FRUTILITA MARACUJA 500G,20089900,10.482105263157894
7898951651616,POLPA FRUTTISOL MARACUJA 500G,20089900,15.823666666666664
7897389100116,POLPA FRUTILITA MANGA 500G,20089900,7.7200000000000015
7897389100031,POLPA FRUTILITA MARACUJA 500G,20089900,11.03818181818182
