gtin,descp,ncm,preco
7894904082704,LASANHA SEARA  BOLONHESA 600G,19022000,11.356666666666667
7894904578658,LASANHA SEARA BOLONHESA 350G,19022000,7.399999999999999
