gtin,descp,ncm,preco
7891000065440,LEITE COND MOCA UHT 395G CX,4029900,5.074379947229551
7891000065440,LEITE COND MOCA UHT 395G CX,4029900,5.588980169971673
