gtin,descp,ncm,preco
7891515520632,MARGARINA QUALY VITA 500G COM SAL UN,15171000,6.489999999999998
7891515901059,MARGARINA CLAYBOM CREMOSA 500 G COM SAL UN,15171000,4.311325301204819
