gtin,descp,ncm,preco
7898919635047,REFRIG PLANET COLA 2,22021000,3.88125
7898919635047,REFRIG PLANET COLA 2,22021000,7.311724137931034
