gtin,descp,ncm,preco
7891000241448,IOG NEST VITAM FRUT 170G 2320,4031000,2.2467816091954025
7891000244548,IOG NEST VITAM FRUT 1 250G 2328,4031000,11.286307692307695
