gtin,descp,ncm,preco
7896013106548,AMAC.ROUPA SONHO MAG,38099190,18.426470588235293
7896013103592,AMAC.ROUPA SONHO,38099190,9.92297619047619
