gtin,descp,ncm,preco
7896005401323,SUCO PTO DAFRUTA UVA 1L TP,22029900,3.2782608695652176
7894000001159,SUCO PTO ADES SOJA UVA 1L TP,22029900,5.7188888888888885
