gtin,descp,ncm,preco
7891132009220,REFRESCO MID CAJU 25G,21069010,1.3819493670886076
7891132005895,REFRESCO MID ABACAXI 25G,21069010,0.9698130841121496
7891132006007,REFRESCO MID MARACUJA 25G,21069010,1.2375
