gtin,descp,ncm,preco
7622300830151,BISC RECH OREO ORIGINAL 90G,19053100,2.862173913043478
7622300830083,BISC OREO ORIGINAL 36G,19053100,1.247326732673267
7622300830090,BISC RECH OREO ORIGINAL 144G,19053100,4.023108108108108
