gtin,descp,ncm,preco
7894000010014,AMIDO MILHO MAIZENA 200G,11081200,3.69
7894000010038,AMIDO MILHO MAIZENA 1KG,11081200,13.79
7896490288812,AMIDO MILHO KIMIMO 200G,11081200,2.8969230769230765
7894000010014,AMIDO MAIZENA 200G,11081200,3.839644970414201
