gtin,descp,ncm,preco
7898951651135,POLPA DE CAJU PAST FRUTTISOL,20089900,3.481111111111111
7898951651036,POLPA DE GOIABA PAST FRUTTISOL,20089900,2.9973267326732675
7898951651128,POLPA DE CAJA PAST FRUTTISOL,8119000,3.10908256880734
