gtin,descp,ncm,preco
7898908026269,ST LIFE BEL 90G 12UN,34011190,1.3496103896103897
7898908026283,ST LIFE BEL 90G 12UN,34011190,1.0334565217391305
