gtin,descp,ncm,preco
7896292300163,GOIABADA PREDIL POLI 300G,20079990,2.7932278481012656
7896292330054,GOIABADA PREDIL LISA BLOCO 300G,20079990,2.257037773359841
