gtin,descp,ncm,preco
7891150022010,LIMP CIF CREMOSO ORIGINAL 250ML,34054000,6.239999999999998
7891150022034,LIMP CIF CREMOSO ORIGINAL 500ML,34054000,8.950000000000003
