gtin,descp,ncm,preco
7897006310096,VINAGRE VIRROSAS AROMAT ALC LIMAO 7,22090000,2.7223239436619715
7897006310089,VINAGRE VIRROSAS AROMAT ALC LIMAO 5,22090000,2.302212389380531
7897006310096,VINAGRE VIRROSAS AROMAT ALC LIMAO 7,22090000,2.645625
