gtin,descp,ncm,preco
7891175018616,VELA ANIVE REGINA C/ GLITTER AZUL N1 UN,34060000,3.3927272727272726
7891175018784,VELA ANIVE REGINA C/ GLITTER ROSA N6 UN,34060000,3.1300000000000003
