gtin,descp,ncm,preco
7891025102090,MINGAU CER MILNUTRI BANANAMACA 180,19011030,3.571428571428572
7891025102090,MINGAU CER MILNUTRI BANANAMACA 180,19011030,3.901666666666667
