gtin,descp,ncm,preco
7896547501086,VODKA SKARLOFF LIMAO 1000ML,22089000,13.32405063291139
37896547500790,VODKA SKARLOFF ICE 275ML LIMAO,22089000,200.96
7896547501086,VODKA SKARLOFF LIMAO 1000ML,22089000,11.45842105263158
7896547501086,VODKA SKARLOFF LIMAO 1000ML,22089000,11.138333333333335
