gtin,descp,ncm,preco
7896423700541,MAC ESPIRAL OVOS DALLAS 500G,19021100,6.743333333333332
7896423702705,MAC DALLAS OVOS 500G,19021100,5.7274242424242425
