gtin,descp,ncm,preco
7896221400131,SALGAD JUMBITO PRESUNTO 55GR,19041000,1.7894117647058825
7896221400131,SALGAD JUMBITO PRESUNTO 55GR,19041000,2.0080487804878047
7896221400131,SALGAD JUMBITO PRESUNTO 55GR,19041000,2.27
