gtin,descp,ncm,preco
7896806700045,DESOD LIQ LTE ROSAS 310ML,33072010,7.540000000000001
7896806700045,DESOD LIQ LTE ROSAS 310ML,33072010,7.540000000000001
7896235353270,DESOD LIQ LTE COLONIA FANTAS 200ML,33049990,5.59
7896806700038,DESOD LIQ LTE ROSAS 170ML FR,33072010,4.7700000000000005
