gtin,descp,ncm,preco
7896189225326,AROMAT.PROAUTO,33074900,3.5148648648648653
7896189225319,AROMAT.PROAUTO,33074900,3.562121212121212
