gtin,descp,ncm,preco
7896066765839,CHOC.BEL EMOJI,18069000,11.080526315789475
7896066750088,CHOC.BEL MORANGUETE,18069000,13.981818181818182
