gtin,descp,ncm,preco
7898430866852,FIAMBRE TARGET 320G LT,64051010,5.028214285714285
7898430866852,FIAMBRE TARGET 320G,16025000,12.749166666666667
