gtin,descp,ncm,preco
7891224986309,SAND.HAV.DYNAMIC BC/CG/CA 43/4,64022000,55.741578947368424
7891224986293,SAND.HAV.DYNAMIC BC/CG/CA 41/2,64022000,67.55083333333333
