gtin,descp,ncm,preco
7891010785550,PROT DIA CAREFREE PROT SP C60UN,96190000,11.59
7891010785581,PROT DIA CAREFREE PROT CP C60UN,96190000,11.590000000000002
7891010875596,PROT DIA CAREFREE PROT SP C40UN,96190000,7.090000000000002
