gtin,descp,ncm,preco
7896029069196,PEDIGREE 1KG RACAS P,23099010,14.346571428571426
7896029069196,PEDIGREE 1KG RACAS P,23099010,16.490000000000002
