gtin,descp,ncm,preco
17891079012762,NISSIN LAMEN NOSSO SABOR BOBO DE CAMARAO 74 G CXA.C/50X1 UND 7891079012765,19023000,67.89
17891079012427,"NISSIN LAMEN CALDO DE FEIJAO ""NOVO"" - 205 90G  CXA.C/50X1 UND 7891079012420",19023000,69.37317073170732
17891079013110,CUP NOODLES SABOR CHEDDAR - NOVO 69G CXA.C/24X1 UND 7891079013113,19023000,111.88799999999999
17891079000219,NISSIN LAMEN GALINHA - 85 85G  CXA.C/50X1 UND 7891079000212,19023000,348.1092452830189
