gtin,descp,ncm,preco
7891022080049,PINHO BRIL 1L SILVES,38089419,6.2327160493827165
7891022101096,PINHO BRIL 1L LAV,38089419,5.3900000000000015
