gtin,descp,ncm,preco
7891000006689,TEMP MAGGI MEU SEGREDO 49G,21039021,3.242570093457944
7891000006689,TEMP MAGGI MEU SEGREDO 49G,21039021,3.928166666666667
