gtin,descp,ncm,preco
7899674286048,SAND.DUP.PETIT VERDE/PRETO 29/0 1435,64022000,11.617142857142856
7899674286031,SAND.DUP.PETIT VERDE/PRETO 27/8 1435,64022000,18.343333333333334
