gtin,descp,ncm,preco
7896382501951,MASSA HILEIA 200G GO,19021900,1.7801724137931034
7896382501951,MASSA HILEIA 200G GO,19021900,1.85
7896382503313,MASSA HILEIA 200G PE,19021900,1.7873333333333334
