gtin,descp,ncm,preco
78907492,CHOC TAB TALENTO 25G,18063210,2.7321428571428568
7891008127409,CHOC TAB TALENTO 90G,17049010,6.741612903225808
