gtin,descp,ncm,preco
7896020160076,TLC TENYS PE BARUEL,33072090,9.25
7896020160168,TLC TENYS PE BARUEL,33072010,14.408333333333333
7896020161714,TLC TENYS PE BARUEL,33072090,5.923333333333334
