gtin,descp,ncm,preco
7894900051513,REFRIG FANTA UVA PET,22021000,6.4750000000000005
7894900051513,REFRIG FANTA UVA PET,22021000,3.8155882352941175
