gtin,descp,ncm,preco
7898925867029,ARROZ PAMPEANOBRANCO T1 1KG,10063021,1693.5
7898925867043,ARROZ PAMPEANO BCO T2 1KG,10063021,7.3003298969072175
7898062920014,ARROZ BCO FACCIO TP1 1 KG,10063021,3.6970553935860058
