gtin,descp,ncm,preco
57891095110167,MILHO PIP.MICRO YOKI,20081900,68.03999999999999
7891095100934,MILHO PIP.MICRO YOKI,20081900,4.020820512820514
