gtin,descp,ncm,preco
7896763621858,MACARRAO QDELIC ESPAG OVOS 400G,19021100,6.110381165919282
7896763621858,MACARRAO QDELIC ESPAG OVOS 400G,19021100,14.048571428571426
