gtin,descp,ncm,preco
7898055450092,SORVETE TOYA ACAI 2L,21050010,13.221621621621619
7898055450252,SORVETE TOYA ABACAXI 2L,21050010,13.23684210526316
