gtin,descp,ncm,preco
7891528032405,CR DENT SORRISO SUP REFRESC 180G,33061000,4.481724137931034
7891528032405,CR DENT SORRISO SUP REFRESC 180G,33061000,4.491764705882354
