gtin,descp,ncm,preco
7896098900215,DETERG LIQ YPE MACA 500ML,34022000,2.278826945412311
7896098900277,DETERG LIQ YPE CLEAR CARE 500ML,34022000,1.6467285382830628
7896098900253,DETERG LIQ YPE CLEAR 500ML,34022000,1.7111790393013102
