gtin,descp,ncm,preco
7891024034910,SAB PROTEX AVEIA 85G,34011190,2.3411111111111107
7891024034910,SAB PROTEX AVEIA 85G,34011190,2.5780821917808217
