gtin,descp,ncm,preco
7896045500116,CERV KAISER PILSEN L,22030000,96.48104803493449
7896045512317,CERV KAISER PILSEN L,22030000,4.901298076923077
7896045512317,CERV KAISER PILSEN L,22030000,1257.1603092783505
7896045512317,CERV KAISER PILSEN L,22030000,14.691
7896045500116,CERV KAISER PILSEN L,22030000,24.89290322580645
