gtin,descp,ncm,preco
9556023985578,BATATA CRISPS JACKER ORIGINAL 75G,20052000,4.718550724637682
9556023674526,BATATA CRISPS JACKER ORIGINAL 160G,20052000,7.2921875
