gtin,descp,ncm,preco
7897750779101,VASSOURA ALKLIN PREMIUM 7910,96039000,8.790000000000001
7897750779101,VASSOURA ALKLIN PREMIUM 7910,96039000,9.056363636363637
