gtin,descp,ncm,preco
7896098900628,DESINF PINHO YPE LAVANDA 500ML,38089419,3.1698148148148144
7891024193006,DESINF PINHO SOL LAVANDA 500ML,38089419,4.6850000000000005
7891024193280,DESINF PINHO SOL FLORAL 500ML,38089419,4.99
