gtin,descp,ncm,preco
7891000259405,BISC RECH PASSATEMPO CHOC 130G,19053100,2.3400000000000003
7891000241356,BISC RECH PASSATEMPO CHOC 130G,19053100,1.9716853932584268
7891000259405,BISC RECH PASSATEMPO CHOC 130G,19053100,2.34
