gtin,descp,ncm,preco
7898623955011,CP SALON LINE 300ML,33059000,10.68090909090909
7898623951617,CP SALON LINE 300ML,33059000,10.718571428571428
