gtin,descp,ncm,preco
7896005801819,CAFE VACUO 3 COR EXTRA FORTE 250G,9012100,7.686000000000001
7891021006927,CAFE VACUO MELITTA EXTRA FORTE 250G,9012100,5.278616600790514
