gtin,descp,ncm,preco
7622300859770,GELAT PO ROYAL UVA 25G,21069029,1.2514814814814814
7896547909400,GELAT PO CAMPIL ABACAXI 20G,21069029,1.35
7622300860059,GELAT PO ROYAL ABACAXI 25G,21069029,1.2089090909090907
7891048050606,GELAT PO OETKER ABACAXI 20G,21069029,0.9
