gtin,descp,ncm,preco
7891221321783,PAO INTEG ROSE 480G,19059010,9.25
7899876543246,PAO INTEG ROSE 480G,19059010,9.972000000000001
7899182736417,PAO INTEG ROSE 400G,19059010,7.75
7899876543376,PAO ROSE INTEG 480G,19059010,8.450000000000001
