gtin,descp,ncm,preco
7898152991559,MAC PAGANINI PENNONI 500G,19021900,8.667777777777781
7898152991573,MAC FARFALONNI PAGANINI 500G,19021100,12.823333333333332
