gtin,descp,ncm,preco
7891024195604,DESINF PINHO SOL LIMAO 1L,38089419,10.622264150943396
7891024195604,DESINF PINHO SOL LIMAO 1L,38089419,8.530000000000001
