gtin,descp,ncm,preco
2900000014077,MACARRAO ESPAGUETE FAVORITA 20X500GR,19021900,58.124081632653066
2900000014077,MACARRAO ESPAGUETE FAVORITA 20X500GR,19021900,62.526315789473685
