gtin,descp,ncm,preco
7891022860580,LIMP MULTIUSO LIMPOL CLASSICO 500ML,34022000,2.5500000000000003
7891022851632,LIMP PRATICE MULTIUSO FLORAL 500ML,34022000,3.1030434782608696
