gtin,descp,ncm,preco
7891035116551,NUGGET LIQ 60ML PTO,34051000,5.543333333333332
7891035116551,NUGGET LIQ 60ML PTO,34051000,6.989999999999998
