gtin,descp,ncm,preco
7891000115633,RACAO P/CAES D.CHOW,23091000,7.1013071895424815
7891000115695,RACAO P/CAES D.CHOW,23091000,3.33125
