gtin,descp,ncm,preco
7898951651142,POLPA FRUTTISOL CACAU 100G,20089900,2.07
7898951651081,POLPA FRUTTISOL TAMARINDO 100G,20089900,4.615384615384615
7898951651128,POLPA FRUTTISOL CAJA 100G,20089900,2.94
7898951651128,POLPA FRUTTISOL CAJA 100G,20089900,4.293333333333333
7898951651036,POLPA FRUTTISOL GOIABA 100G,20089900,2.1982513661202185
