gtin,descp,ncm,preco
7896044942023,DR GIOVANNA BABY 50M,33072010,5.65
7896044928515,DR GIOVANNA BABY 50M,33072010,6.0842857142857145
7896044952817,DR GIOVANNA BABY 50M,33072010,5.83225806451613
