gtin,descp,ncm,preco
7897520010366,AROMA BREEZE GEL CARRO NOVO PROAUTO 60G,33074900,4.989130434782608
7897520010366,AROMA PROAUTO GEL CARRO NOVO 60G,33074900,6.993469387755103
