gtin,descp,ncm,preco
7896044953616,DES.G.B AERO PROM,33072010,14.984666666666667
7896044994169,DES.G.B AERO PROM,33072010,12.143255813953488
