gtin,descp,ncm,preco
7897279300022,AGUA MIN SG BELAGUA 300ML GA,22011000,6.203823529411764
7897279300022,AGUA MIN SG BELAGUA 300ML GA,22011000,8.630285714285714
