gtin,descp,ncm,preco
7896025506695,ESPONJA BANHO MARCO BONI NYLON 40G,96162000,8.389999999999999
7896025506695,ESPONJA BANHO MARCO BONI NYLON 40G,96162000,8.389999999999999
