gtin,descp,ncm,preco
7896029019009,PEDIGREE VITAL PRO 1,23099010,2.9850000000000003
7896029018958,PEDIGREE VITAL PRO 1,23099010,3.1291071428571433
