gtin,descp,ncm,preco
7894900550092,SUCO D VALLE FRUT 25,22021000,5.895740740740742
7894900556094,SUCO D VALLE FRUT 25,22021000,3.7739495798319336
