gtin,descp,ncm,preco
7896098902745,LAVA ROUPA TIXAN PO,34022000,6.347222222222222
7896098905746,LAVA ROUPA TIXAN PO,34022000,3.87063829787234
7896098908716,LAVA ROUPA TIXAN PO,34022000,3.59
7896098906736,LAVA ROUPA TIXAN PO,34022000,7.1575862068965534
7896098906729,LAVA ROUPA TIXAN PO,34022000,3.858695652173913
