gtin,descp,ncm,preco
7896593402528,BISC TRIGOLINO RECHEIO BAUNILHA 40G,19053100,1.679375
7896593401231,BISC TRIGOLINO RECHEIO MORANGO 130G,19053100,3.939166666666667
