gtin,descp,ncm,preco
7891118025145,CHICL.ARCOR FLICS,17041000,5.9665591397849465
7891118025145,CHICL.ARCOR FLICS,17041000,5.943396226415095
