gtin,descp,ncm,preco
7896013103615,AMAC ROUPA SONHO SOFT 2L,38099190,7.026363636363637
7896013103592,AMAC ROUPA SONHO MAGIC 2L,38099190,7.183939393939394
