gtin,descp,ncm,preco
7891000248829,CHOC.NESTLE KIT KAT,19053200,2.833875
7891000248829,CHOC.NESTLE KIT KAT,19053200,5.3351612903225805
