gtin,descp,ncm,preco
7892840253844,BATATA RUFFLES SAL ONDA 57G,20052000,5.991428571428571
7892840253646,BATATA RUFFLES SAL 167G,20052000,12.10377358490566
7892840253646,BATATA RUFFLES SAL 167G,20052000,11.87
