gtin,descp,ncm,preco
7896005805121,CAPSULA CAFE C/LEITE TRES CORACOES,21011200,17.511739130434783
7896005805121,CAPSULA CAFE C/LEITE TRES CORACOES,21011200,16.990000000000002
