gtin,descp,ncm,preco
7896221400483,SALGAD KRO PRESEUNTO 100GR,19041000,4.492857142857143
7896221400483,SALGAD KRO PRESEUNTO 100GR,19041000,3.2380000000000004
