gtin,descp,ncm,preco
17897006310017,VINAGRE VIRROSAS ALCOOL COLOR 500ML,22090000,18.0
7897006310089,VINAGRE VIRROSAS ALCOOL LIMAO 500ML,22090000,2.2190217391304348
7897006310096,VINAGRE VIRROSAS ALCOOL LIMAO 750ML,22090000,2.686029411764706
