gtin,descp,ncm,preco
7898409872594,REFRESCO FRUCTUS ADOC MANGA 15G,21069010,0.68046875
7898409872617,REFRESCO FRUCTUS ADOC GOIABA 15G,21069010,0.7457055214723927
7898409872594,REFRESCO FRUCTUS ADOC MANGA 15G,21069010,1.0868852459016394
