gtin,descp,ncm,preco
7898371000056,PRATO D COPOBR PQ 15CM BCO,39241000,1.3137974683544305
7898371000056,PRATO D COPOBR PQ 15CM BCO,39241000,1.3570731707317074
