gtin,descp,ncm,preco
7891010036478,TALCO J J HORA SONO 200G 80227,33049100,11.708333333333336
7891010036478,TALCO J J HORA SONO 200G 80227,33049100,11.186538461538463
