gtin,descp,ncm,preco
7896579330081,AGUA MIN SG YARA 350ML PET,22011000,4.0792
7896579330074,AGUA MIN CG YARA 350ML PET,22011000,3.3815094339622633
7896579330074,AGUA MIN CG YARA 350ML PET,22011000,4.512380952380953
7896579330067,AGUA MIN SG YARA 2L PET,22011000,2.401648351648352
