gtin,descp,ncm,preco
7891991001373,REFRIG GUAR ANTARCT DIET 2L PET,22021000,4.986860465116279
7891991004107,REFRIG GUAR BARE 2L PET,22021000,4.908676551345415
7891991004107,REFRIG GUAR BARE 2L PET,22021000,7.0533640552995385
