gtin,descp,ncm,preco
7897744500636,OLEO EUC COALA 140ML,33029019,12.29
7897744500148,OLEO EUC COALA 140ML,33029019,10.776666666666666
7897744500186,OLEO EUC COALA 140ML,33029019,10.323333333333332
7897744500636,OLEO EUC COALA 140ML,33029019,10.86972972972973
