gtin,descp,ncm,preco
7898332870032,IOG FRUT GURT MORANGO 500G,4031000,2.9416556291390727
7898332870186,IOG FRUT GURT MORANGO 900G,4031000,5.875393258426966
