gtin,descp,ncm,preco
7896264604312,BISC RECH ESTRELA CHOC 120G,19053100,1.610677966101695
7896264604312,BISC RECH ESTRELA CHOC 120G,19053100,1.6607291666666668
