gtin,descp,ncm,preco
7896006400165,PAP. HIG. LE BLANC PERFUMADO C/4UN,48181000,4.9815929203539815
7896006400165,PAP. HIG. LE BLANC PERFUMADO C/4UN,48181000,4.979379084967321
