gtin,descp,ncm,preco
7898332870148,IOG FRUT GURT BANANA 300G,4031000,2.674285714285714
7898332870117,IOG FRUT GURT AMEIXA 300G,4031000,2.282222222222222
7898332870131,IOG FRUT GURT BANANA 150G,4031000,1.786909090909091
