gtin,descp,ncm,preco
7622300992293,BISC CLUB SOC INT 144G,19059020,2.9306451612903226
7622300992293,BISC CLUB SOC INT 144G,19059020,2.9671111111111115
