gtin,descp,ncm,preco
7896264604237,BISC RECH ESTRELA MOR 55G,19053100,0.8705882352941176
7896264604336,BISC RECH ESTRELA MOR 120G,19053100,1.6329896907216497
