gtin,descp,ncm,preco
7896014400713,POLPA BRASFRUT 1KG C,8119000,19.85
7896014400461,POLPA BRASFRUT CAJA 100G PT,20089900,2.65
7896014400553,POLPA BRASFRUT CAJU 100G PT,20089900,3.8645833333333335
7896014400379,POLPA BRASFRUT CACAU 100G PT,20089900,3.464
7896014400645,POLPA BRASFRUT GOIABA 100G PT,20089900,2.6334319526627215
