gtin,descp,ncm,preco
7896098904688,AGUA SANIT.YPE.,28289011,4.576997319034851
7896098904664,AGUA SANIT.YPE,28289011,10.22612334801762
