gtin,descp,ncm,preco
7891000250150,CALDO MAGGI CARNE 57G,21041011,1.5799999999999998
7891000242469,CALDO MAGGI CARNE 19G,21039021,13.296666666666667
