gtin,descp,ncm,preco
7891999010735,IOG VIGOR GREGO 100G,4031000,2.8083333333333336
7891999003072,IOG VIGOR GREGO 100G,4031000,2.8571428571428568
7891999003065,IOG VIGOR GREGO 100G,4031000,1.99
