gtin,descp,ncm,preco
7896579310076,REFRIG GUAR MAGIST 350ML PET,22021000,1.62
7896579310076,REFRIG GUAR MAGIST 350ML PET,22021000,3.0109090909090908
7896579310021,REFRIG GUAR MAGIST 600ML PET,22021000,3.650526315789474
