gtin,descp,ncm,preco
7898910758479,AMAC ROUPA HIPER PLUS ROSE 2L,38099190,4.96159420289855
7898910758134,AMAC ROUPA HIPER PLUS AZUL 2L,38099190,5.150584192439863
