gtin,descp,ncm,preco
7896016445217,BISC WAFER AFA BRIGADEIRO 35G,19053200,0.7127272727272728
7896016445217,BISC WAFER AFA BRIGADEIRO 35G,19053200,0.6268656716417911
7896016445316,BISC WAFER AFA MORANGO 35G,19053200,0.59
