gtin,descp,ncm,preco
7891000254608,IOGURTE NESTON POLPA 540 G 2 SABORES UN,22029000,6.556705882352942
7891000250488,IOGURT POLPA 2 SABORES NESTLE 540G,4031000,5.321666666666667
