gtin,descp,ncm,preco
47896013105624,VINAGRE MINHOTO ALCOOL LV500ML PG450ML 500 ML CXA.C/12X1 UND 7896013105626,22090000,74.58
47896013104900,VINAGRE MURIONGO ALCOOL LV750ML PG500ML 750 ML CXA.C/12X1 UND 7896013104902,22090000,63.135373134328354
47896013104436,VINAGRE MINHOTO ALHO - 443 500 ML CXA.C/12X1 UND 7896013104438,22090000,43.14916666666666
