gtin,descp,ncm,preco
7896102505016,SELETA LEGUMES QU,20059900,1.443577817531306
57896102505011,SELETA LEGUMES QU,20059900,32.61
7896102505016,SELETA LEGUMES QU,20059900,2.868913043478261
