gtin,descp,ncm,preco
7896051130116,LEITE PO ITAMBE INT 400G PT,4022110,8.527507331378299
7896051130116,LEITE PO ITAMBE INT 400G PT,4022110,9.47540412044374
