gtin,descp,ncm,preco
17896058516101,BALA DORI GOMA TUBO SORT CXA 1 X 12 30UND,17049020,503.2624324324324
7896058516302,BALA DORI GOMA TUBO 3UND,17049020,7.02
7896058516302,BALA DORI GOMA TUBO 3UND,17049020,7.0200000000000005
