gtin,descp,ncm,preco
3000009696058,PIZZA CALABRESA 450G,19059090,16.22203389830509
3000009696058,PIZZA CALABRESA 450G,19059090,15.952631578947368
