gtin,descp,ncm,preco
7896003703863,BISC MARILAN TORTA 1,19053100,2.3661111111111115
7896003702064,BISC MARILAN TORTA 1,19053100,2.99
7896003701449,BISC MARILAN TORTA 3,19053100,7.489999999999998
7896003701456,BISC MARILAN TORTA 3,19053100,7.5
