gtin,descp,ncm,preco
7891024184271,COND DARLING CERAMIDA 350ML,33059000,5.406597938144331
7891024184271,COND DARLING CERAMIDA 350ML,33059000,4.578235294117646
7891024184271,COND DARLING CERAMIDA 350ML,33059000,5.4276470588235295
