gtin,descp,ncm,preco
7896579400029,REFRIG HYDRO LIMAO 250ML,22021000,1.8654054054054052
7896579400029,REFRIG HYDRO LIMAO 250ML,22021000,2.6415384615384614
