gtin,descp,ncm,preco
7891000089859,BISC NESFIT MORCER 200G PT,19053100,3.9394117647058815
7891000913000,BISC NESFIT AVEMEL 200G PT,19053100,3.971666666666666
