gtin,descp,ncm,preco
7892327506548,DISJ.SOPRANO 3P 100A ASM-B,85362000,235.49615384615385
7892327509174,DISJ.SOPRANO 1P 30A ASM-B,85362000,88.4492857142857
