gtin,descp,ncm,preco
7891025112433,IOGURT ACTIVA MORANGO DANONE 110G,4039000,2.12625
7891025102663,IOGURT ACTIVIA AMEIXA DANONE 150G,4031000,2.7584444444444443
