gtin,descp,ncm,preco
7892840222543,SALG CHEETOS ONDA REQUEIJ?O,19041000,3.1338815789473684
7892840222543,SALG CHEETOS ONDA REQUEIJ?O,19041000,2.8706896551724137
