gtin,descp,ncm,preco
7896878801213,BEB LACTEA FAZENDINHA MORANGO 500G,22029900,3.2260000000000004
7896878801220,BEB LACTEA FAZENDINHA MORANGO 1L,22029900,5.696572580645161
7896878801060,BEB LACTEA FAZENDINHA ABACAXI 1L,22029900,6.1739999999999995
7896878801138,BEB LACTEA FAZENDINHA BANANA 500GR,22029900,2.783962264150944
