gtin,descp,ncm,preco
5601252231058,AZEITE OL VG GALLO 200ML LT,15091000,10.156153846153844
5601252106103,AZEITE OL VG GALLO 500ML VD,15091000,18.650294117647054
