gtin,descp,ncm,preco
7891150053786,SAB LIQ ANTIB REXONA,34013000,6.8900000000000015
7891150053717,SAB LIQ ANTIB REXONA,34013000,5.185384615384615
