gtin,descp,ncm,preco
7896013562634,CR TRAT NOVEX OLEO COCO 400G,33059000,6.989999999999998
7896013511656,CR TRAT NOVEX OLEO COCO 1KG,33059000,14.310681818181818
