gtin,descp,ncm,preco
7891024129807,LIMP AJAX FDF PERFUMADAS 500ML,34022000,3.736666666666667
7891024129807,LIMP AJAX FDF PERFUMADAS 500ML,34022000,4.031129032258065
7891024129807,LIMP AJAX FDF PERFUMADAS 500ML,34022000,3.778571428571429
