gtin,descp,ncm,preco
7896005276723,FARINHA BRANDINI 1KG,11010010,3.571714285714286
17896005276720,FARINHA TRIGO ESP BRANDINI 1KG,11010010,327.97894736842113
7896005276723,FARINHA BRANDINI 1KG,11010010,3.9703553299492382
