gtin,descp,ncm,preco
7893000290259,SALAME SADIA ITAL 10,16010000,7.702994350282487
7893000290259,SALAME SADIA ITAL 10,16010000,7.689999999999999
