gtin,descp,ncm,preco
7897664171725,SAB BARRA FEMININO ALBANY ROSA 85GR,34011190,1.9057704918032787
7897664171725,SAB ALBANY FEMININO ROSA 85G,34011190,1.1167148182665425
