gtin,descp,ncm,preco
7891010560812,HASTE FLEX J J 150UN CX 96189,56012190,5.4423076923076925
7891010560812,HASTE FLEX J J 150UN CX 96189,56012190,5.415333333333334
