gtin,descp,ncm,preco
7899544102126,LAMPADA ARTEK BRANCA 3U15W127V,85393100,7.184690265486727
7899544102126,LAMPADA ARTEK BRANCA 3U15W127V,85393100,7.0973825503355705
