gtin,descp,ncm,preco
7898461800054,ARROZ BCO DI FELICIA T1 1KG,10063021,3.6428890728476815
7898461800054,ARROZ BCO DI FELICIA T1 1KG,10063021,3.0009578544061304
