gtin,descp,ncm,preco
4005900130785,DES.NIVEA ROLL-ON,33072010,8.218837209302325
4005808257584,DES.NIVEA ROLL-ON,33072010,7.241641791044777
