gtin,descp,ncm,preco
7896102502220,EXT TOM QUERO 260G VD,20029090,3.0634615384615387
7896102502220,EXT TOM QUERO 260G VD,20029090,3.503125
