gtin,descp,ncm,preco
78924321,DESOD ROLLON REX INVISIBLE WOMAN 50,33072010,6.276060606060606
78924321,DESOD ROLLON REX INVISIBLE WOMAN 50,33072010,6.597894736842106
78924321,DESOD ROLLON REX INVISIBLE WOMAN 50,33072010,5.9700000000000015
