gtin,descp,ncm,preco
7891048050682,GELATINA DR OETKER UVA 20GR,21069029,1.2681443298969073
7891048046661,GELATINA DR OETKER DIET 12 G UVA UN,21069029,5.23875
