gtin,descp,ncm,preco
7891024034880,SAB PALM NAT ESFOL DELIC JASMIM 85G,34011190,2.541176470588236
7891024034880,SAB PALM NAT ESFOL DELIC JASMIM 85G,34011190,1.2484615384615383
7891024034880,SAB PALM NAT ESFOL DELIC JASMIM 85G,34011190,1.2833333333333334
7891024037256,SAB PALM NAT ESFOL DELIC JASMIM 85G,34011900,3.85
