gtin,descp,ncm,preco
7896058593150,AMEND PETTIZ CROCANTE PIMENTA VERM,20081100,3.45
7896058593150,AMEND PETTIZ CROCANTE PIMENTA VERM,20081100,3.45
7896058503852,AMEND PETTIZ CROCANTE PIMENTA VERM,20081100,8.519666666666668
7896058503852,AMEND PETTIZ CROCANTE PIMENTA VERM,20081100,8.379999999999999
