gtin,descp,ncm,preco
7891132019403,TEMP SAZON FLOPPY AMAR 60G PT,21039021,3.344666666666667
7891132019403,TEMP SAZON FLOPPY AMAR 60G PT,21039021,3.309
7891132019403,TEMP SAZON FLOPPY AMAR 60G PT,21039021,3.3040000000000003
