gtin,descp,ncm,preco
7896579380062,"REFRIG MAGISTRAL GOLD PET 1,5L",22021000,7.551428571428572
7896579380062,"REFRIG GUAR MAGISTRAL GOLD PET 1,5L",22021000,6.273076923076923
