gtin,descp,ncm,preco
7894650003879,INSET RAID AERO BASE AGUA L450ML P3,38089119,14.845999999999998
7894650003879,INSET RAID AERO BASE AGUA L450ML P3,38089119,12.758421052631581
