gtin,descp,ncm,preco
7891150037458,SH SEDA ANTICASPA HIDRAT DIARIA 325ML,33051000,8.153157894736841
7891150037458,SH SEDA ANTICASPA HIDRAT DIARIA 325ML,33051000,5.989999999999998
