gtin,descp,ncm,preco
7898943163011,SARDINHA ROB CRUSOE OLEO 125GR,16041310,2.9445035460992908
7898943163011,SARDINHA ROB CRUSOE OLEO 125GR,16041310,3.33089588377724
