gtin,descp,ncm,preco
7896465200221,ARROZ DMAIS 1KG T2,10063021,2.9880232558139537
7896465200221,ARROZ DMAIS 1KG T2,10063021,4.526104513064133
