gtin,descp,ncm,preco
7896496917044,SNACK ORG INT MAE TE,19053100,3.103818181818182
7896496917044,SNACK ORG INT MAE TE,19053100,3.1508695652173917
7896496917044,SNACK ORG INT MAE TE,19053100,3.1339024390243906
