gtin,descp,ncm,preco
7891109146392,SAND 0031 AZUL 41/42,64022000,12.297931034482758
7891109146408,SAND 0031 AZUL 43/44,64022000,12.287368421052632
