gtin,descp,ncm,preco
7891361766376,PRATO OXFORD SOBREM COM 19CM N02216,69120000,6.398928571428571
7891361766475,PRATO OXFORD RASO COM 24CM AE345136,69111010,14.64
7891361766475,PRATO OXFORD RASO COM 24CM AE345136,69111010,10.415598885793873
7891361766475,PRATO OXFORD RASO COM 24CM AE345136,69111010,6.346308724832215
