gtin,descp,ncm,preco
7896828000239,AGUA DE COCO KERO COCO TP 1L,20098921,10.1
7896828000017,AGUA COCO KERO COCO 200ML TP,20098921,5.041666666666667
7896828000239,AGUA DE COCO KERO COCO 1LT,20099000,13.767037037037033
