gtin,descp,ncm,preco
7894900011753,REFRIG COCA COLA 1 5L PET,22021000,5.73642857142857
7894900701753,REFRIG COCA COLA ZERO 1 5L PET,22021000,6.746753246753247
7894900011517,REFRIG COCA COLA 2L PET,22021000,8.840287769784172
7894900011753,REFRIG COCA COLA 1 5L PET,22021000,6.913221476510067
7894900011715,REFRIG COCA COLA 1L PET,22021000,4.712722689075631
3000011388552,REFRIG COCA COLA 1 5L PET LANCHONET,64051010,6.16
