gtin,descp,ncm,preco
7891010038892,FIO DENTAL JOHNSONS,33062000,9.761739130434783
7891010038892,FIO DENTAL JOHNSONS,33062000,9.651290322580644
