gtin,descp,ncm,preco
7891000026182,SOPAO MAGGI COSTELA 200G,21041011,6.36142857142857
7891000026182,SOPAO MAGGI COSTELA 200G,21041011,6.347894736842106
