gtin,descp,ncm,preco
7896490290693,REFRESCO NOVO MORANGO FRISCO 25G,21069010,1.0701754385964912
7896490290587,REFRESCO NOVO ABACAXI FRISCO 25G,21069010,1.1604455445544557
