gtin,descp,ncm,preco
7891991000796,CERVEJA ANTARCTICA LATA 350 ML UN,22030000,17.31283783783784
7896045523412,CERVEJA HEINEKEN LATA 350 ML UN,22030000,6.427619047619048
