gtin,descp,ncm,preco
7896004004228,CEREAL BAR SUCRILHOS CEREAISCHOC 2,18063220,4.372727272727273
7896004004228,CEREAL BAR SUCRILHOS CEREAISCHOC 2,18063220,2.168965517241379
