gtin,descp,ncm,preco
7891000140307,LEITE EM PO INTEG FORT NINHO LT 400G,4022110,16.820977653631285
17891000014032,LEITE EM PO INTEG FORT NINHO LT 400G,4022110,349.28571428571433
