gtin,descp,ncm,preco
7896004400358,AGUA COCO SOCOCO,20098921,9.576976744186048
7896004401041,AGUA COCO SOCOCO,20098990,2.511739130434783
