gtin,descp,ncm,preco
7891035285158,LIMP VEJA MULTIUSO CAMP 500ML,34022000,4.679830508474576
7891035209000,LIMP VEJA MULTIUSO CAMP 500ML,34022000,4.49
7891035285158,LIMP VEJA MULTIUSO CAMP 500ML,34022000,4.011621621621622
