gtin,descp,ncm,preco
7898523222046,CUECA BOXER MICROFIB,61071200,9.797073954983922
7899771800116,CUECA BOXER MICROFIB,61071200,9.663913043478262
7899618839743,CUECA BOXER MICROFIB,61071200,25.9
