gtin,descp,ncm,preco
7891000049112,ALIM INF NEST MACABAN 120G,20071000,4.8919999999999995
7891000049280,ALIM INF NEST CARNLEG 170G,21042000,7.155
7891000119600,ALIM INF NEST STROGARROZ 170G,21042000,6.82
7891000049273,ALIM INF NEST CARNLEG 115G,21042000,4.989999999999998
