gtin,descp,ncm,preco
7896593401248,BISC TRIGOLINO RECHEIO CHOC 130G,19053100,1.978857142857143
7896593402818,BISC TRIGOLINO RECHEIO CHOC/COCO 130G,19053100,4.598333333333334
