gtin,descp,ncm,preco
7896051131069,LEITE PO ITAMBE DESN 200G PT,4021090,5.786175298804782
7896051130116,LEITE PO ITAMBE 400G,4022110,8.766683168316831
