gtin,descp,ncm,preco
7896264601182,BISC C CRACK ESTRELA 400G PT,19059020,3.6062444113263785
7896264601328,BISC MAIZENA ESTRELA 400G PT,19053100,4.242330097087378
