gtin,descp,ncm,preco
7897664171718,ST ALBANY SUAVE 90G,34011190,1.1259259259259258
7897664171718,ST ALBANY SUAVE 90G,34011190,1.2107142857142856
