gtin,descp,ncm,preco
7891515474126,STEAK FGO PERD EMP 100G,16023220,4.836524822695036
7891515474126,STEAK FGO PERD EMP 100G,16023220,2.557194388777555
