gtin,descp,ncm,preco
7891000249901,CALDO MAGGI PICANHA 57G,21041011,1.5533333333333337
7891000249901,CALDO MAGGI PICANHA 57G,21041011,1.570769230769231
