gtin,descp,ncm,preco
17893000979939,MARGARINA DELINE C/ SAL 250G,15171000,82.46400000000001
7893000980006,MARGARINA DELINE SADIA C/SAL 500GR,15171000,245.48444444444442
