gtin,descp,ncm,preco
7891000076552,BISC RECH NEGRESCO 140GR,19053100,217.09799999999998
7891000086216,BISC RECH NESTLE NEGRESCO CHOC 140G,19053100,2.37109375
7891000023808,BISC RECH NEGRESCO 140G,19053100,13.001499999999998
