gtin,descp,ncm,preco
7896224807098,CAFE KIMIMO 250G,9012100,13.622673267326734
7896224807098,CAFE KIMIMO 250G,9012100,40.25714285714286
7896224807098,CAFE KIMIMO 250G,9012100,166.0
