gtin,descp,ncm,preco
7896878801237,BEB LACTEA FAZENDINHA MOR C6 600G,22029900,2.7034178321678324
7896878801237,BEB LACTEA FAZENDINHA MOR C6 600G,22029900,2.7259360730593607
