gtin,descp,ncm,preco
7891024029787,SH PALMOLIVE NAT OLEO SURPREEND 350ML,33051000,5.678888888888888
7891024029787,SH PALMOLIVE NAT OLEO SURPREEND 350ML,33051000,5.9202564102564095
