gtin,descp,ncm,preco
78909045,COCA COLA ZERO 250ML,22021000,3.6317081850533808
78909045,COCA COLA ZERO 250ML,22021000,2.52875
