gtin,descp,ncm,preco
7893500020301,ARROZ BIJU POLIDO TP1 1KG,10063021,8.090315985130111
1000000021707,ARROZ BIJU 1KG POLID,10063021,16.731818181818184
