gtin,descp,ncm,preco
7891515323691,HAMBURG BOV PERD 672G,16025000,12.948333333333332
7891515883034,HAMBURG BOV DEF PERD 672G,16025000,11.52913043478261
