gtin,descp,ncm,preco
7896224813082,CAFE ALMOF SANTA CLARA 250G,9012100,5.712871199697237
7896224813082,CAFE ALMOF SANTA CLARA 250G,9012100,5.611863874345549
7896224813082,CAFE ALMOF SANTA CLARA 250G,9012100,5.30377358490566
