gtin,descp,ncm,preco
7891528020037,CD SORRISO 70G GEL X,33061000,5.42076923076923
7891528001395,CD SORRISO 70G GEL X,33061000,5.489999999999998
