gtin,descp,ncm,preco
7899544106513,LAMPADA ARTEK LED BULB 7W 127V220V,85395000,9.082857142857145
7899544105394,LAMPADA ARTEK LED BUL 4 9W 100V240,39249000,6.663529411764706
