gtin,descp,ncm,preco
7891528031163,CR DENT SORRISO XTREME WHITE EVOLUT,33061000,4.732666666666667
7891528425795,CR DENT SORRISO XTREME WHITE 5ESTRE,33061000,4.612222222222223
