gtin,descp,ncm,preco
7896013544289,TINT.MAXTON,33059000,8.711341463414634
7896013544128,TINT.MAXTON,33059000,10.122
7896013544203,TINT.MAXTON,33059000,10.193898305084746
