gtin,descp,ncm,preco
7891182020305,ESM RISQUE EFEITO MET ROSE CVIDA 8,33043000,3.453636363636364
7891182020305,ESM RISQUE EFEITO MET ROSE CVIDA 8,33043000,3.103333333333333
