gtin,descp,ncm,preco
7898061707036,BEB LACT FLAMB POP MORANGO 540G,22029900,3.0368544600938967
7898061707036,BEB LACT FLAMB POP MORANGO 540G,22029900,2.8826797385620915
7898061707050,BEB LACT FLAMB POP FRUTAS 170G,22029900,1.7218867924528305
7898061707036,BEB LACT FLAMB POP MORANGO 540G,22029900,3.0357471264367817
