gtin,descp,ncm,preco
7891010034511,ABS SEMPRE LIVRE ADA,96190000,2.8664705882352943
7891010034511,ABS SEMPRE LIVRE ADA,96190000,2.8840476190476187
