gtin,descp,ncm,preco
7894904003495,STEAK FGO SEARA 100G,16023220,4.377894736842107
7894904003495,STEAK FGO SEARA 100G,16023220,2.025
7894904081639,STEAK QJO SEARA 100G,16023220,4.02068376068376
