gtin,descp,ncm,preco
7896014403455,POLPA BRASF 100G UVA,20089900,5.228684210526316
7896014403455,POLPA BRASFRUT UVA 100G PT,20089900,6.0978260869565215
7896014403455,POLPA BRASFRUT UVA 100G PT,20089900,3.1318181818181823
