gtin,descp,ncm,preco
7896800777661,ARROZ BRANC TP1 BRILHANTE 1KG,10063021,13.040998217468806
7896800777784,ARROZ PARB BRILHANTE TP1 1KG,10063011,7.679864864864865
