gtin,descp,ncm,preco
7891000142202,LT PO NINHO LT 400G,4022110,16.326904761904768
7891000140307,LT PO NINHO LT 400G,4022110,19.087218128224023
