gtin,descp,ncm,preco
7896044942009,DESOD AER GIOVANNA B LILAC 150ML,33072010,13.463333333333333
7896044942009,DESOD AER GIOVANNA B LILAC 150ML,33072010,9.469090909090909
