gtin,descp,ncm,preco
7899674017086,DESODORANTE ANT. COUNTRY ABOVE,33072010,5.222933333333334
7899674017079,DESODORANTE ANT. LADY ABOVE,33072010,4.831102941176471
