gtin,descp,ncm,preco
7896224835787,FILTRO PAPEL SANTA CLARA 102,48232099,3.292857142857143
7896224835794,FILTRO PAPEL SANTA CLARA 103,48232099,3.99
7896224835787,FILTRO PAPEL SANTA CLARA 102,48232099,3.192909090909091
7896224835794,FILTRO PAPEL SANTA CLARA 103,48232099,4.39
