gtin,descp,ncm,preco
7896090403233,SAB FRANCIS CLASSICO AZUL 90G,34011190,1.656
7896090405626,SAB HYDRATTA AZUL 90G,34011190,1.4085581395348836
7896090400010,SAB FRANCIS CLASSICO BRANCO 90G,34011190,1.9691566265060243
