gtin,descp,ncm,preco
7894900011609,REFRIG COCA COLA PET 600ML,22021000,34.2
7894900011708,REFRIG COCA COLA 3L PET,22021000,6.640243902439026
78912939,REFRIG COCA COLA PET 250ML,22021000,12.72
78912939,REFRIG COCA COLA 250ML PET,22021000,8.785368098159509
