gtin,descp,ncm,preco
7898908406054,MASSA PASTEL FAELA ROLO 350G,19059090,5.172105263157895
7898908406054,MASSA PASTEL FAELA ROLO 350G,19059090,5.1708163265306135
