gtin,descp,ncm,preco
7891000097694,SOPAO MAGGI 200G CAR,21041011,6.479473684210527
7891000049891,SOPAO MAGGI 200G GAL,21041011,6.38952380952381
