gtin,descp,ncm,preco
7894650003954,LIMP PERF MR MUSCULO PINHO 500ML,34022000,4.691538461538462
7894650002704,LIMP PERF MR MUSCULO LEMB INFANCIA 500ML,34022000,3.305533980582525
