gtin,descp,ncm,preco
7896022200282,MACARRAO RENATA ESPAG 8 500 G OVOS UN,19021900,4.993333333333333
7896022200282,MACARRAO RENATA ESPAG 8 500 G OVOS UN,19021900,6.320454545454546
