gtin,descp,ncm,preco
7898961461045,COLHER REFEICAO DESCARTA ALEGRIA VERDE,39241000,2.585454545454545
7898961461014,COLHER REFEICAO DESCARTA ALEGRIA MISTA,39241000,2.5813333333333333
