gtin,descp,ncm,preco
7896763621858,MAC OVOS ESPAG Q DELICIA VERD 400G,19021100,2.6985499207606973
7896763621858,MAC OVOS ESPAG Q DELICIA VERD 400G,19021100,7.185247975708503
