gtin,descp,ncm,preco
7896579330081,AGUA MINERAL YARA S/ GAS 350ML,22011000,4.590298507462686
7896579330067,AGUA MINERAL YARA S/ GAS PET 2L,22011000,6.7144578313253005
7896579330074,AGUA MINERAL C/GAS YARA 350ML,22011000,3.4823076923076925
