gtin,descp,ncm,preco
7896016608766,AGUA COCO DUCOCO,20098990,7.8900000000000015
7896016601972,AGUA COCO DUCOCO,20098921,6.909514563106796
