gtin,descp,ncm,preco
7891152340419,BISC RECH RICHES ANIMADOS ZOO CHOC,19053100,1.2047580645161289
7891152340433,BISC RECH RICHES ANIMADOS ZOO MOR 1,19053100,1.3249640287769784
