gtin,descp,ncm,preco
7891000261460,LTE FERM NEST CHAM CER 130G 2228,4039000,3.3851666666666667
7891000261460,LTE FERM NEST CHAM CER 130G 2228,4039000,3.4463513513513515
