gtin,descp,ncm,preco
7898962669143,SABAO BARRA GUAMA 500G,34011900,580.5885185185185
7898962669143,SABAO BARRA GUAMA 500G,34011900,2.265076252723312
