gtin,descp,ncm,preco
7897389100055,POLPA FRUTILITA TAPEREBA 500G,8119000,8.934444444444445
7897389100178,POLPA FRUTILITA TAPEREBA 100G,20089900,2.887083333333333
