gtin,descp,ncm,preco
7899766756596,ED EASYWHITE 3022B M,96032100,4.347619047619047
700083141187,ED EASYWHITE 3022B M,96032100,5.590000000000002
