gtin,descp,ncm,preco
7896532700616,MAC PETYAN 500G SEM,19021900,5.595368196371398
7896532700692,MAC PETYAN 500G ESPA,19021900,4.268251748251748
