gtin,descp,ncm,preco
7893500020110,ARROZ BCO TIO JOAO TP1 1KG,10063021,5.020335842501448
7893500020110,ARROZ BCO TIO JOAO TP1 1KG,10063021,3.9009859154929583
