gtin,descp,ncm,preco
7897095300152,FARINHA MAND SC COMUM AM SO GRAOS 1,11062000,2.9545161290322586
7897095300152,FARINHA MAND SC COMUM AM SO GRAOS 1,11062000,2.8827272727272732
