gtin,descp,ncm,preco
3614612790661,CADEIRA ESCR HOME BA,94013090,174.41666666666663
3614612790661,CADEIRA ESCR HOME BA,94013090,175.58536585365852
