gtin,descp,ncm,preco
7891962037011,NOZES,19053200,1.7862277580071175
7891962037011,NOZES,19053200,1.86031007751938
