gtin,descp,ncm,preco
7891048061695,MIST PBOLO OETKER CHOC 450G,19012000,4.116068376068377
7891048061695,MIST PBOLO OETKER CHOC 450G,19012000,4.041253822629971
