gtin,descp,ncm,preco
7896235353171,HASTES FLEX COTONETES CX FLUFFY 75UN,56012190,3.0225688073394488
7896235353188,HASTES FLEX COTONETES CX FLUFFY 150UN,56012190,5.272619047619047
