gtin,descp,ncm,preco
7896098900468,SAB EM BARRA FLOR YPE SUAV VERDE 90G,34011190,1.2526589595375723
7896098900468,SAB FLOR YPE SUAVE VERDE 90GR,34011190,113.4276923076923
