gtin,descp,ncm,preco
7896579310083,"REFRIG MAGISTRAL 1,5",22021000,2.6483091787439617
7896579310083,"REFRIG MAGISTRAL 1,5",22021000,7.395833333333332
