gtin,descp,ncm,preco
7622300859855,GELAT PO ROYAL MARACUJA 25G,21069029,2.080909090909091
7622300859855,GELAT PO ROYAL MARACUJA 25G,21069029,1.09
7622300859930,GELAT PO ROYAL FRAMBOESA 25G,21069029,1.1148275862068966
