gtin,descp,ncm,preco
7896013105657,AGUA SANIT BRILUX LV1L PG900ML,28289011,2.464432624113475
7896013105657,AGUA SANIT BRILUX LV1L PG900ML,28289011,2.4840859232175503
7896013105657,AGUA SANIT BRILUX LV1L PG900ML,28289011,2.3822714285714284
