gtin,descp,ncm,preco
7894904015849,FILEZ PEITO FGO SEARA 1KG BAND,2071400,10.373734439834024
7893000863125,FILEZ PEITO FGO SADIA 1KG BJ,2071400,13.717074542897327
