gtin,descp,ncm,preco
7896098904671,AGUA SANITARIA YPE 1L,28289011,3.041141057934509
7896098904664,AGUA SANITARIA YPE 5L 1X5000ML,28289011,110.33
47896013100384,AGUA SANITARIA BRILUX 1L,28289011,93.63600000000001
