gtin,descp,ncm,preco
17898959504102,COMPOSTO LACTEO,19019090,211.06636363636363
7898959504105,COMPOSTO LACTEO,19019090,12.372482152663373
