gtin,descp,ncm,preco
7894900573701,SUCO PTO KAPO MARAC 200ML TP,22021000,1.6607246376811595
7894900563702,SUCO PTO KAPO LARAN 200ML TP,22021000,2.0411931818181817
7894900603705,SUCO PTO KAPO ABACAXI 200ML TP,22021000,1.6827272727272728
