gtin,descp,ncm,preco
7896036090244,OLEO LIZA PET 900ML,15079011,5.425000000000002
7896036090619,OLEO LIZA PET 900ML,15152910,7.831769911504425
7896036090626,OLEO LIZA PET 900ML,15141910,9.79
