gtin,descp,ncm,preco
78600027,PASTILHA TIC TAC LARANJ 16G,17049020,2.371346153846154
78600027,PASTILHA TIC TAC LARANJ 16G,17049020,2.1476551724137933
