gtin,descp,ncm,preco
7891000103937,PETIT SUISSE CHAM MOR 320G 2330,4061090,6.047717391304348
7891000103937,PETIT SUISSE CHAM MOR 320G 2330,4061090,6.0095238095238095
