gtin,descp,ncm,preco
7898524190078,MASSA PASTEL ESTRELA,19021900,6.6937500000000005
7898524190078,MASSA PASTEL ESTRELA,19021900,7.8315789473684205
