gtin,descp,ncm,preco
7896021625086,EVITA MOFO INSPIRA LIMAO 230GR,28272090,7.72258064516129
7896021625086,EVITA MOFO INSPIRA LIMAO 230GR,28272090,10.098148148148148
