gtin,descp,ncm,preco
7891962037011,BISC WAFER NOZES BAUDUCCO 140G,19053200,1.8487323943661966
7891962037028,BISC WAFER BAUD 140G,19053200,1.7781927710843377
7891962037004,BISC WAFER BAUD 140G,19053200,1.9016666666666664
