gtin,descp,ncm,preco
7896044953562,DA GIOVANNA BABY 150,33072010,10.366428571428571
7896044960058,DA GIOVANNA BABY 150,33072010,8.13108910891089
7896044952794,DA GIOVANNA BABY 150,33072010,12.99
