gtin,descp,ncm,preco
7891032012504,SELETA LEGUMES LT OLE 200G,20059900,5.1674358974358965
7898905153012,SELETA LEGUMES BONARE LT 200G,20059900,3.626666666666667
