gtin,descp,ncm,preco
7896035301242,GELE ARISCO 220G TUT,20079910,5.336538461538462
7896035301211,GELE ARISCO 220G NAT,20079910,6.798125
