gtin,descp,ncm,preco
7896579380048,REFRIG GUAR MAGIST GOLD 350ML PET,22021000,3.0634615384615387
7896579380062,REFRIG GUAR MAGIST GOLD 1 5L PET,22021000,2.6990839694656485
