gtin,descp,ncm,preco
7891150051898,SH TRESE 400ML BX NU,33051000,12.21875
7891150018846,SH TRESEM 400ML HPRO,33051000,11.810810810810812
