gtin,descp,ncm,preco
7898409872617,REFRESCO PLUS GOIABA FRUCTUS 15G,21069010,62.9
7898409872563,REFRESCO PLUS MORANGO FRUCTUS 15G,21069010,1.4303961456102785
7898409872549,REFRESCO PLUS MARACUJA FRUCTUS 15G,21069010,0.9949427168576104
