gtin,descp,ncm,preco
7506339363883,CR DENT ORAL B 123 70G,33061000,3.2770833333333336
7500435122764,CR DENT ORAL B 4EM1 70G,33061000,4.2200000000000015
