gtin,descp,ncm,preco
7891000050927,CEREAL MAT MOCA FLAKES 120G SH,19041000,3.406030534351145
7891000087688,CEREAL MAT NESCAU DUO 270G,19041000,10.09
7891000255421,CEREAL MAT NESTLE CHEERIOS 120G SH,19041000,3.48
7891000070673,CEREAL MAT NESCAU 120G SH,19041000,3.4039448441247004
