gtin,descp,ncm,preco
7896490290648,REF FRISCO 25G LARAN,21069010,0.956769801980198
7896490290662,REF FRISCO 25G LIMAO,21069010,0.6771559633027523
