gtin,descp,ncm,preco
7896006400165,PAPEL HIG LE BLANC PERF C4 PT,48181000,4.6737055837563455
7896006400158,PAPEL HIG LE BLANC TRAD C4 PT,48181000,4.8086265432098765
