gtin,descp,ncm,preco
78924895,DESOD ROLLON REX SPORT 50ML,33072010,6.397692307692307
78924352,DESOD ROLLON REX COTTON 50ML,33072010,6.919148936170213
78924352,DESOD ROLLON REX COTTON 50ML,33072010,6.402666666666668
