gtin,descp,ncm,preco
7891030003016,ACHOCOLATADO MOCOCA PRONTO 200ML,22029900,2.7420245398773004
37891030003017,ACHOCOLATADO MOCOCA PRONTO 200ML,22029900,47.619183673469394
