gtin,descp,ncm,preco
7896878801206,BEB LACTEA FAZENDINHA MGO GF 300GR,4039000,6.846197183098592
7896878801015,BEB LACTEA FAZENDINHA MULTPORC MGO 540GR,4039000,4.073335570469799
