gtin,descp,ncm,preco
7894900011517,REFRIG.COCA COLA,22021000,6.824718826405867
7894900011609,REFRIG.COCA COLA.,22021000,4.259831849653808
