gtin,descp,ncm,preco
7891079012765,MAC INST NISSIN NOSSO SABOR BOBO CA,19023000,1.1554081632653062
7891079011829,MAC INST NISSIN NOSSO SABOR COSTELA,19023000,1.0265151515151516
