gtin,descp,ncm,preco
7891035216008,LIMP COZ DESENG VEJA,34022000,8.581666666666667
7891035215506,LIMP COZ DESENG VEJA,34022000,12.362727272727273
