gtin,descp,ncm,preco
7898055453284,IOG TOYA GREGO FRUTAS VERM 130GR,4031000,2.698148148148148
7898055453284,IOGURTE GREGO TOYA FRUTAS VERM 130G,4031000,3.103448275862069
