gtin,descp,ncm,preco
7891000037256,TEMP MAGGI SABOR LEGUMES 50G,21039021,2.7338709677419355
7891000037256,TEMP MAGGI SABOR LEGUMES 50G,21039021,2.738695652173913
