gtin,descp,ncm,preco
7896005401293,SUCO PTO DAFRUTA MANGA 1L TP,22029900,3.2810204081632657
7896005401224,SUCO PTO DAFRUTA PESS 200ML TP,22029900,1.549054054054054
7896005401156,SUCO PTO DAFRUTA CAJU 200ML TP,22029900,1.1987272727272729
