gtin,descp,ncm,preco
7891965932146,SOPAO GALINHA HIKARI 200GR,21041011,6.7942307692307695
7891000049891,SOPAO MAGGI GALINHA CAIPIRA 200G,21041011,6.37
7891000582008,SOPAO MAGGI GALINHA 200GR,21041011,6.407692307692307
