gtin,descp,ncm,preco
7897664150041,AMAC.ROUPA MINUANO CARINHO CLASSICO,38099190,2.637692307692308
7897664150041,AMAC.ROUPA MINUANO CARINHO CLASSICO,38099190,2.6030434782608696
