gtin,descp,ncm,preco
7896031224088,FEIJOADA LT BORDON 830G,16010000,248.475
7898466105604,FEIJOADA TARGET 430G LT,16024900,5.489999999999998
27896031224587,FEIJOADA BORDON LT 430G,16010000,89.27999999999999
