gtin,descp,ncm,preco
7896014403103,POLPA BRASFRUT MORANGO 100G,20088000,7.336803797468353
7896014400195,POLPA BRASFRUT ABACAXI 100G,8119000,4.252
7896014403103,POLPA BRASFRUT MORANGO 100G,20088000,5.87265306122449
7896014400393,POLPA BRASFRUT 100G,20089790,4.3125
