gtin,descp,ncm,preco
7622300861261,REF TANG 25G MARAC,21069010,1.2125278396436523
7622300862077,REF TANG 25G TANGER,21069010,1.3013870541611623
