gtin,descp,ncm,preco
7898938236652,REFRIG ICE COLA 250ML PET,22021000,2.052340425531914
7898938236041,"REFRIG ICE COLA PET 1,5L",22021000,6.613636363636362
7898938236041,REFRIG ICE COLA 1 5L PET,22021000,3.9419999999999997
