gtin,descp,ncm,preco
7506309867724,DES.GILLETTE AERO,33072010,10.872727272727273
7506309867717,DES.GILLETTE AERO,33072010,11.17142857142857
