gtin,descp,ncm,preco
7894900031591,REFRIG FANTA LAR 2 5L PET,22021000,7.776285714285715
7894900051759,REFRIG FANTA UVA 1 5L PET,22021000,6.016149425287356
