gtin,descp,ncm,preco
7891152320916,BISC AMANT LEIT FORTALEZA 400G,19053100,4.198076923076924
7891152320916,BISC FORTAL AMANT LTE 400G,19053100,5.3900000000000015
