gtin,descp,ncm,preco
7891000100103,LEITE COND MOCA LT 395GR,4029900,533.0880000000001
7891000100103,LEITE COND MOCA LT 395GR,4029900,366.63300000000004
7898080640413,LEITE COND ITALAC TP 395GR,4029900,7.221598639455782
