gtin,descp,ncm,preco
7891132019717,TEMP SAZON FLOPPY LARAN 60G PT,21039021,3.303684210526316
7891132019724,TEMP SAZON FLOPPY MARRON 60G PT,21039021,3.3251666666666666
7891132019717,TEMP SAZON FLOPPY LARAN 60G PT,21039021,3.326
