gtin,descp,ncm,preco
7898080640529,LT COND ITALAC 270G,4029900,3.1896774193548385
7898080640529,LT COND ITALAC 270G,4029900,3.1742622950819666
