gtin,descp,ncm,preco
7899182736455,PAO SUECO ROSE 100G,19054000,4.489999999999998
7899182736479,PAO SUECO ROSE 100G,19054000,3.65
7899182736486,PAO SUECO ROSE 100G,19054000,4.10625
