gtin,descp,ncm,preco
7896036094853,MAIONESE MARIA 196G SH,21039011,1.6344961240310076
7896036094853,MAIONESE MARIA 196G SH,21039011,1.6871850393700791
