gtin,descp,ncm,preco
7898247780075,OLEO SOJA CONCOR 900,15079011,5.265080977216579
7898247780075,OLEO SOJA CONCOR 900,15079011,4.012949756888168
