gtin,descp,ncm,preco
7898367983615,CERV EISENB PILSEN 6,22030000,7.538055555555554
7898367983615,CERV EISENB PILSEN 6,22030000,42.7953125
