gtin,descp,ncm,preco
7891000812006,MAC LAMEN MAGGI 85G,19023000,1.7399598393574298
7891000812006,MAC LAMEN MAGGI 85G,19023000,1.1594594594594594
