gtin,descp,ncm,preco
7896051115014,LEITE COND.ITAMBE TP,4029900,3.717987164527421
7896051115014,LEITE COND.ITAMBE TP,4029900,3.714902739182216
