gtin,descp,ncm,preco
17622210782929,CLUB SOCIAL CROSTINI TOM SECO 80G PCT.C/4X80G 7622210782915,19059020,35.96333333333333
17622210700381,CLUB SOCIAL INTEGRAL 5 CEREAIS 144G CXA.C/44X6 CRT 7622210700377,19059020,201.28413793103448
