gtin,descp,ncm,preco
7891962036991,BISC WAFER BAUDUCCO CHOC E AVELA 140GR,19053200,2.1674107142857144
7891962037028,BISC WAFER BAUDUCCO TRIPLO CHOC 140GR,19053200,2.1194174757281554
