gtin,descp,ncm,preco
7896080900148,FOSFORO PARANA C10UN CX,36050000,3.0700000000000003
7896080900148,FOSFORO PARANA C10UN CX,36050000,3.0700000000000003
