gtin,descp,ncm,preco
7896006420347,PH FLORAL L12 P11 30,48181000,8.188768472906402
7896006420347,PH FLORAL L12 P11 30,48181000,8.457608695652175
