gtin,descp,ncm,preco
7891024135310,CR DENT COLGATE TOTAL12 ADV FRESH 9,33061000,5.516688851913479
7891024135310,CR DENT COLGATE TOTAL12 ADV FRESH 9,33061000,5.366666666666666
