gtin,descp,ncm,preco
7896098902417,AMAC ROUPA YPE TERNURA 2L,38099190,7.3215789473684225
7896098902424,AMAC ROUPA YPE CARINHO 2L,38099190,6.99
7896098902417,AMAC ROUPA YPE TERNURA 2L,38099190,7.246774193548387
