gtin,descp,ncm,preco
7896098905746,DETERG PO TIXAN YPE MACIEZ 500G,34022000,4.128815789473684
7896098900987,DETERG PO TIXAN YPE PRIMAVERA 2KG,34022000,13.648260869565215
7896098908716,DETERG PO TIXAN YPE PRIMAVERA 500G,34022000,4.911415525114156
