gtin,descp,ncm,preco
7896098906736,DETERG PO TIXAN YPE FLORES RAD 1KG,34022000,7.7823529411764705
7896098902745,DETERG PO TIXAN YPE MACIEZ 1KG SH,34022000,7.567196261682245
7896098905722,DETERG PO TIXAN YPE FLORES RAD 500G,34022000,3.4833333333333334
7896098906736,DETERG PO TIXAN YPE FLORES RAD 1KG,34022000,6.75
