gtin,descp,ncm,preco
7891000068458,BISC BOLSO INTEGRAL,19053100,3.9544444444444435
7891000068458,BISC BOLSO INTEGRAL,19053100,4.065362318840579
