gtin,descp,ncm,preco
7897389100161,POLPA FRUTIL 100G AC,8129000,2.7555072463768115
7897389100086,POLPA FRUTILITA ABACAXI 500G,20082090,7.72
7897389100024,POLPA FRUTILITA GRAVIOLA 500G,20089900,11.483076923076922
7897389100017,POLPA FRUTILITA 500G,8129000,8.35
7897389100048,POLPA FRUTILITA ACEROLA 500G,20089900,8.081169590643276
7897389100017,POLPA FRUTILITA 500G,8129000,8.45
7897389100024,POLPA FRUTILITA 500G,8129000,10.75
