gtin,descp,ncm,preco
7891962016818,TORRADA BAUDU INT MULTPACK 320G 681,19054000,6.357450980392157
7891962016818,TORRADA BAUDU INT MULTPACK 320G 681,19054000,6.362727272727272
