gtin,descp,ncm,preco
7898027652158,REFRESCO LARAN MAMA ACERO CAMP 15G,21069010,1.2121276595744679
7898027656606,REFRESCO MARACUJA CAMP 15G,21069010,0.9601851851851853
