gtin,descp,ncm,preco
7896300500868,PAP ALUM ALUMILESTE,76072000,2.5900000000000003
7896300500868,PAP ALUM ALUMILESTE,76072000,2.5900000000000003
