gtin,descp,ncm,preco
7896029057988,RACAO PEDIGREE EQ NAT JR 1KG,23091000,19.013157894736842
7896029095638,RACAO PEDIGREE RP EQ NAT 3KG,23091000,42.59
7896029057988,RACAO PEDIGREE EQ NAT JR 1KG,23091000,19.183333333333334
7896029095645,RACAO PEDIGREE RP EQ NAT 1KG,23091000,17.89
