gtin,descp,ncm,preco
7896098900222,LAVA LOUCA YPE 500ML,34022000,2.094009216589862
7896098900253,LAVA LOUCA YPE 500ML,34022000,1.59
7896098900208,LAVA LOUCA YPE 500ML,34022000,2.520185185185185
