gtin,descp,ncm,preco
7891010931551,LOCAO HIDR.DES.JOHNS,33072090,14.08875
7891010931551,LOCAO HIDR.DES.JOHNS,33072090,13.75111111111111
