gtin,descp,ncm,preco
7893500037996,ARROZ TIO JOAO SETE CEREAIS 500G,10062020,7.8900000000000015
7893500037996,ARROZ TIO JOAO 500G,19049000,6.0745
7893500037996,ARROZ TIO JOAO 500G,19049000,10.248571428571427
