gtin,descp,ncm,preco
7891515432652,PRES SADIA SOLT FAT 200G,16024100,8.190000000000001
7891515432652,PRES SADIA SOLT FAT 200G,16024100,7.97157894736842
7891515432652,PRES SADIA SOLT FAT 200G,16024100,7.584594594594594
