gtin,descp,ncm,preco
7891340302212,BISC WAFER ITAMARATY,19053200,1.6594202898550725
7891340302212,BISC WAFER ITAMARATY,19053200,1.7541666666666669
7891340302618,BISC WAFER ITAMARATY,19053200,1.9207317073170733
