gtin,descp,ncm,preco
7897279300053,AGUA MIN SG BELAGUA 1 5L GA,22011000,5.49375
7897279300053,AGUA MIN SG BELAGUA 1 5L GA,22011000,5.864285714285713
