gtin,descp,ncm,preco
7898409952203,GELAT PO ZERO FHESCHMANN CEREJA 12G,21069029,2.8325925925925928
7898409952050,GELAT PO FHESCHMANN CEREJA 30G,21069029,1.0499999999999998
