gtin,descp,ncm,preco
7891103194818,DETERG CONC CARREFOU,34022000,4.243333333333333
7891103194818,DETERG CONC CARREFOU,34022000,4.1990566037735855
