gtin,descp,ncm,preco
7896090404384,DESOD AER HYDRATTA MEN AZUL 150ML,33072010,7.606666666666666
7896090401208,DESOD AER HYDRATTA BRANCO 150ML,33072010,8.251656050955415
