gtin,descp,ncm,preco
7897531700027,PIPOCA SALG.PANTERA,19041000,1.0180112044817928
17897531700024,PIPOCA SALG.PANTERA,19041000,8.365079365079366
