gtin,descp,ncm,preco
7898093780564,PANO CHAO FLANELADO A 40X66CM ITATEX,63079090,5.043344947735192
7898093780564,PANO CHAO FLANELADO A 40X66CM ITATEX,63079090,6.013788819875777
