gtin,descp,ncm,preco
7894321219721,AVEIA QUAKER FLOC FINOS 200G,11041200,3.429329608938548
7896283000058,AVEIA JASMINE FLOC FINOS 500G,11041200,10.61
7894321219721,AVEIA QUAKER FLOC FINOS 200G,11041200,3.337916666666666
