gtin,descp,ncm,preco
7892940000027,DESOD AER ADIDAS PROCLEAR 150ML,33072090,9.585714285714284
7892940000010,DESOD AER ADIDAS CONTROL 150ML,33072090,9.196666666666664
