gtin,descp,ncm,preco
7891149103102,CERVEJA SKOL LT 269ML,22030000,738.0
7891149103102,CERVEJA SKOL PILSEN 269ML LT,22030000,8.543835616438356
7891149105533,CERVEJA SKOL 269ML,22030000,59.7
7891149103102,CERVEJA SKOL 269ML LT,22030000,12.123368421052632
