gtin,descp,ncm,preco
7891991006088,CERV BOHEM 350ML,22030000,10.240559440559439
7896045523412,CERV HEINEKEN 350ML,22030000,16.02136363636364
