gtin,descp,ncm,preco
75058845,DESOD ROLLON REX WOMEN ANTIBAC 50ML,33072010,6.216666666666666
78934139,DESOD ROLLON REX MEN ANTIBAC 50ML,33072010,6.743684210526316
