gtin,descp,ncm,preco
7896490290709,REFR.PO FRISCO,21069010,1.0747272727272728
7896490290723,REFR.PO FRISCO,21069010,1.1044615384615386
