gtin,descp,ncm,preco
7898018930074,ALHO ROXO REAL 100G,7129090,6.289999999999999
7898018930074,ALHO ROXO REAL 100G,7032090,3.47
7898018930050,ALHO ROXO REAL 200G PT,7032090,7.540000000000001
