gtin,descp,ncm,preco
78912359,CHOC GAROTO BATON AO LEITE BASTAO 1,18063210,1.6296296296296295
78912359,CHOC GAROTO BATON AO LEITE BASTAO 1,18063210,1.831914893617021
78912359,CHOC GAROTO BATON AO LEITE BASTAO 1,18063210,1.3760318949343338
