gtin,descp,ncm,preco
7894900010398,REFRIG COCA COLA 220ML LT,22021000,6.127402597402598
7894900701159,REFRIG COCA COLA ZERO 310ML LT,22021000,2.49
7892840800079,REFRIG PEPSI COLA 350ML LT,22021000,3.5038356164383564
7894900010015,REFRIG COCA COLA 350ML LT,22021000,3.6831515151515153
