gtin,descp,ncm,preco
78605831,PASTILHA TIC TAC MOR 16G,17049020,2.175113122171945
78600010,PASTILHA TIC TAC MENTA 16G UN,17049020,2.160608108108108
