gtin,descp,ncm,preco
7896029046173,RACAO WHISKAS GATO AD FGO 85G,23091000,1.59
7896029046197,RACAO WHISKAS GATO AD CORD 85G,23091000,1.8254615384615385
7896029077603,RACAO WHISKAS GATO AD CARNE 85G,23091000,4.393783783783784
