gtin,descp,ncm,preco
7892840252045,SALGAD CHEETOS PIPOCA CARAM 165G,19041000,9.6
7892840251949,SALGAD CHEETOS PIPOCA CARAM 55G,19041000,3.447978723404256
7892840251949,SALGAD CHEETOS PIPOCA CARAM 55G,19041000,3.44625
