gtin,descp,ncm,preco
7891167011717,ATUM PEDA GOMES DA C,16041410,6.934444444444443
7891167011731,ATUM SOLI GOMES DA C,16041410,7.748181818181817
