gtin,descp,ncm,preco
7506295368458,CR DENT ORAL B ACAO DOURAD 90GR,33061000,8.290000000000001
7506295368458,CR DENT ORAL B ACAO DOURAD 90GR,33061000,8.290000000000001
