gtin,descp,ncm,preco
7896490290730,REFRESCO FRISCO UVA 25G SH,21069010,0.9596551724137932
7898409873577,REFRESCO FRUCTUS UVA 25G,21069010,91.74285714285715
