gtin,descp,ncm,preco
7898085947579,D CORPO/C 50ML ENV,33072090,4.4234042553191495
7898085947579,D CORPO/C 50ML ENV,33072090,4.1692682926829265
