K Value,Adjusted Rand Index,Runtime
1000,3.6248634752372406,179.33509802818298
2000,0.7939295487238089,181.85296416282654
3000,0.7395377565402963,182.0259144306183
4000,-0.7736961704551172,185.4595983028412
5000,0.37051327801820805,188.73821258544922
6000,0.6362904470536618,192.7384650707245
7000,1.4708195474728447,196.65194463729858
8000,22.250035865374176,201.33895540237427
9000,-2.0036853262960292,204.5932297706604
81122,0.3543196892424912,586.0062611103058
